backward_transfer,worst_task_forgetting,final_average_memory_skill
-0.0010001110961547766,0.001698789728189265,0.017616431722717835
