auroc,auprc,brier,f1,decision_threshold,event_prevalence
0.8655463993128638,0.3262014357665571,0.025151146575808525,0.34098210188159706,0.16,0.031399897213339426
